-- CUIT 影评系统初始数据插入脚本
-- 执行顺序: 先执行 create_tables.sql 建表，再执行本文件插入数据

USE yingpingxitong;

-- ==================== 电影数据 (12部) ====================
INSERT INTO movies (movieId, title, description, releaseDate, runtime, posterImage, averageScore) VALUES
(1, '千与千寻', '该片主要讲述了千寻意外来到神灵世界后，为了救因惩罚而变成猪的家人，经历许多磨难的故事。', '2001-07-20', 125, 'https://pics7.baidu.com/feed/241f95cad1c8a78622d2d5223d63023271cf5098.jpeg@f_auto?token=ea793d3d4306e4f1b852c7fc7a2645c9', 4.5),
(2, '泰坦尼克号', '该片以1912年泰坦尼克号在其处女航时触礁冰山而沉没的事件为背景，讲述了处于不同阶层的两个人穷画家杰克和贵族女罗丝抛弃世俗的偏见坠入爱河，最终杰克把生存的机会让给了罗丝的感人故事。', '1997-12-19', 194, 'https://image.tmdb.org/t/p/w500/9xjZS2rlVxm8SFx8kPC3aIGCOYQ.jpg', 5.0),
(3, '你的名字', '该片改编自新海诚所著的同名小说，讲述了一对本不该相遇的男女在梦中互换身体，彼此吸引的过程中，逐渐被某种命运捉弄的故事。', '2016-08-26', 106, 'https://image.tmdb.org/t/p/w500/q719jXXEzOoYaps6babgKnONONX.jpg', 5.0),
(4, '流浪地球', '该片根据刘慈欣的同名小说改编，故事背景设定在2075年，讲述了太阳即将毁灭，毁灭之后的太阳系已经不适合人类生存，而面对绝境，人类将开启"流浪地球"计划，试图带着地球一起逃离太阳系，寻找人类新家园的故事。', '2019-09-25', 137, 'https://image.tmdb.org/t/p/w500/hBhydcdZuDmGIHfT5uzwIeUAJ6Q.jpg', 4.0),
(5, '星际穿越', '近未来的地球黄沙遍野，小麦、秋葵等基础农作物相继因枯萎病灭绝，人类不再像从前那样仰望星空，放纵想象力，而是每日在沙尘暴的肆虐下倒数着所剩不多的光景。前NASA宇航员库珀接连在女儿墨菲的书房发现奇怪的重力场现象，随即得知在某个未知区域，仍存留着前NASA成员的秘密基地。', '2014-11-07', 169, 'https://image.tmdb.org/t/p/w500/xJHokMbljvjADYdit5fK5VQsXEG.jpg', 5.0),
(6, '肖申克的救赎', '一场谋杀案使银行家安迪蒙冤入狱，谋杀妻子及其情人的罪名将他送进肖申克监狱。在监狱里，安迪结识了瑞德，并与他成为挚友。安迪利用自身的专业知识，帮助监狱管理层逃税、洗钱，同时也在为越狱做着准备。', '1994-09-10', 142, 'https://image.tmdb.org/t/p/w500/9cqNxx0GxF0bflZmeSMuL5tnGzr.jpg', 5.0),
(7, '阿甘正传', '阿甘是个智商只有75的低能儿。在学校里为了躲避别的孩子的欺负，听从一个朋友珍妮的话而开始"跑"。他跑着躲避别人的捉弄，在中学时，他为了躲避别人而跑进了一所学校的橄榄球场，就这样跑进了大学。', '1994-07-06', 142, 'https://image.tmdb.org/t/p/w500/arw2vcBveWOVZr6pxd9XTd1TdQa.jpg', 5.0),
(8, '盗梦空间', '道姆·柯布与同事阿瑟和纳什在一次针对日本能源大亨齐藤的盗梦行动中失败，反被齐藤利用。齐藤威逼利诱因遭通缉而流亡海外的柯布帮他拆分他竞争对手的公司，采取极端措施在其唯一继承人罗伯特·费希尔的深层潜意识中种下放弃家族公司、自立门户的想法。', '2010-09-01', 148, 'https://image.tmdb.org/t/p/w500/ljsZTbVsrQSqZgWeep2B1QiDKuh.jpg', 4.6),
(9, '霸王别姬', '段小楼与程蝶衣是一对打小一起长大的师兄弟，两人一个演生，一个演旦，一向配合天衣无缝，尤其一出《霸王别姬》，誉满京城。为此，两人约定合演一辈子《霸王别姬》。', '1993-07-26', 171, 'https://image.tmdb.org/t/p/w500/9UdFLgX4Mqx8NJtvjdUkOF5cuDe.jpg', 4.0),
(10, '大话西游之大圣娶亲', '至尊宝被月光宝盒带回到五百年前，遇见紫霞仙子，被对方打上烙印成为对方的人，并发觉自己已变成孙悟空。紫霞与青霞本是如来佛祖座前日月神灯的灯芯，二人虽然同一肉身却仇恨颇深。', '1995-02-04', 95, 'https://picsum.photos/seed/movie10/400/600', 4.8),
(11, '疯狂动物城', '故事发生在一个所有哺乳类动物和谐共存的美好世界中，兔子朱迪从小就梦想着能够成为一名惩恶扬善的刑警，凭借着智慧和努力，朱迪成功从警校毕业进入了疯狂动物城警察局。', '2016-03-04', 109, 'https://image.tmdb.org/t/p/w500/2bXbqYdUdNVa8VIWXVfclP2ICtT.jpg', 5.0),
(12, '寄生虫', '基宇出生在一个贫穷的家庭之中，和妹妹基婷以及父母在狭窄的地下室里过着相依为命的日子。一天，基宇的同学上门拜访，告诉基宇自己正在给一个有钱人做家教，因为出国，所以想请基宇暂时接替自己的工作。', '2019-05-21', 132, 'https://image.tmdb.org/t/p/w500/7IiTTgloJzvGI1TAYymCfbfl3vT.jpg', 4.0);


-- ==================== 用户数据 (3个示例账号) ====================
-- 注意: 密码为明文 "123456"，仅用于本地开发快速验证。
-- 生产环境请使用 BCrypt 加密后的密码。
INSERT INTO users (userId, username, nickname, avatar, password, email, manager, permission) VALUES
(1, 'admin', 'Lemfran', NULL, '123456', '1@qq.com', 0, 1),
(2, 'admin2', NULL, NULL, '123456', 'admin@test.com', 1, 1),
(3, 'demo', NULL, NULL, '123456', 'demo@example.com', 0, 1);


-- ==================== 影评数据 (11条示例评论) ====================
INSERT INTO reviews (reviewId, movieId, userId, content, score, parent_id, createdAt) VALUES
(1, 1, 1, '非常好看，很感人', 5, NULL, '2026-03-15 03:01:30'),
(2, 2, 1, '很好看，力推', 5, NULL, '2026-03-15 13:42:34'),
(3, 3, 1, '非常好看，画面唯美，每一帧都是能做壁纸的存在', 5, NULL, '2026-03-15 13:43:36'),
(4, 4, 1, '好看', 4, NULL, '2026-03-15 13:43:54'),
(5, 1, 2, '好看', 4, NULL, '2026-03-15 13:44:40'),
(6, 2, 2, '非常好看，而且感人', 5, NULL, '2026-03-15 13:45:22'),
(7, 6, 1, '好看', 5, NULL, '2026-04-23 16:38:37'),
(8, 5, 1, '非常好看，力推', 5, NULL, '2026-04-23 16:49:06'),
(9, 9, 1, '还不错', 4, NULL, '2026-04-23 16:54:17'),
(10, 11, 1, '很好看的动画', 5, NULL, '2026-04-23 17:03:11'),
(11, 7, 1, '很好看，很励志', 5, NULL, '2026-04-23 17:11:47');


-- ==================== 点赞数据 (3条示例) ====================
INSERT INTO review_likes (review_id, user_id, created_at) VALUES
(1, 1, '2026-04-25 14:45:44'),
(6, 1, '2026-04-25 17:23:43'),
(11, 1, '2026-04-25 18:48:23');

-- logs 表无需初始数据，系统运行过程中由 Gateway 过滤器自动写入
